sku;ref_proveedor;nombre;categoria;propiedad;propietario;proveedor;unidad;contenido_unidad;stock_inicial;minimo;albaranes
6000650655;6000650655;CABLE LHA H07Z1-K(AS) 10MM AM/VERDE FLEX;cables;propia;;Saltoki Alcobendas;m;;400;;3.322.577
6000650654;6000650654;CABLE LHA H07Z1-K(AS) 10MM AZUL FLEX;cables;propia;;Saltoki Alcobendas;m;;400;;3.322.577
6000650653;6000650653;CABLE LHA H07Z1-K(AS) 10MM MARRON FLEX;cables;propia;;Saltoki Alcobendas;m;;400;;3.322.577
6201025023;6201025023;MANGUITO LHA M-32 ENCHUFABLE IP40 GRIS;fijaciones;propia;;Saltoki Alcobendas;ud;;300;;3.322.577
5102012032;5102012032;BTM CLIP CIERRE DIENTES GRIS 32-35 CARRIL 20/10 Y 27/18;fijaciones;propia;;Saltoki Alcobendas;ud;;1000;;3.322.577
6000650605;6000650605;CABLE LHA H07Z1-K(AS) 6MM AM/VERDE FLEX;cables;propia;;Saltoki Alcobendas;m;;400;;3.322.577
6000650604;6000650604;CABLE LHA H07Z1-K(AS) 6MM AZUL FLEX;cables;propia;;Saltoki Alcobendas;m;;400;;3.322.577
6000650603;6000650603;CABLE LHA H07Z1-K(AS) 6MM MARRON FLEX;cables;propia;;Saltoki Alcobendas;m;;400;;3.322.577
5301012054;5301012054;TORNILLO MADERA CABEZA AVELLANADA POZI 5X40 BICROMATADO;fijaciones;propia;;Saltoki Alcobendas;ud;;1000;;3.322.577
5150000106;5150000106;BOTE 1000 TACOS NYLON BSX 6X30 4 SEGMENTOS;fijaciones;propia;;Saltoki Alcobendas;bote;1000 ud;3;;3.322.577
6203000032;6203000032;TUBO ACERO ENCHUFABLE M-32;tubos;propia;;Saltoki Alcobendas;m;;30;;3.322.577
6600728284;6600728284;WAGO BORNA PASO S.2016 3 CONDUCTORES GR 2016-1301;aparamenta;propia;;Saltoki Alcobendas;ud;;100;;3.322.577
6600728285;6600728285;WAGO BORNA PASO S.2016 3 CONDUCTORES AZ 2016-1304;aparamenta;propia;;Saltoki Alcobendas;ud;;100;;3.322.577
6600728287;6600728287;WAGO TAPA FINAL 3COND NARANJA 16MM 2016-1392;aparamenta;propia;;Saltoki Alcobendas;ud;;100;;3.322.577
7280040060;7280040060;KOMMDATA BOLSA 25 UDS CONECTOR PASANTE RJ45 6 UTP+PROTECTOR;fijaciones;propia;;Saltoki Alcobendas;sobre;25 ud;10;;3.322.577
6000650602;6000650602;CABLE LHA H07Z1-K(AS) 6MM GRIS FLEX;cables;propia;;Saltoki Alcobendas;m;;100;;3.322.577
6000650601;6000650601;CABLE LHA H07Z1-K(AS) 6MM NEGRO FLEX;cables;propia;;Saltoki Alcobendas;m;;100;;3.322.577
5102050137;5102050137;BOLSA 100 BRIDAS NYLON INCOLORAS 3,6 300;fijaciones;propia;;Saltoki Alcobendas;bolsa;100 ud;3;;3.322.577
5102050149;5102050149;BOLSA 100 BRIDAS NYLON INCOLORAS 4,8 370;fijaciones;propia;;Saltoki Alcobendas;bolsa;100 ud;3;;3.322.577
5101010032;5101010032;ABRAZADERA M6 32 1 APERTURA LATERAL;fijaciones;propia;;Saltoki Alcobendas;ud;;50;;3.322.577
5108000003;5108000003;TORNILLO TIRAFONDO M6X30 BICROMATADO;fijaciones;propia;;Saltoki Alcobendas;ud;;50;;3.322.577
6222106082;6222106082;HAG ML MOLDURA 30X12/2,1M 2C ATEHA PVC BLN ATA12301XXXX TEH;tubos;propia;;Saltoki Alcobendas;m;;20;;3.322.577
6222110054;6222110054;HAG ANGULO INTERIOR ATEHA 30X12MM BLN ATA12304XXXX TEH;tubos;propia;;Saltoki Alcobendas;ud;;10;;3.322.577
6222110057;6222110057;HAG JUNTA UNION ATEHA 30X12MM BLN ATA12307XXXX TEH;tubos;propia;;Saltoki Alcobendas;ud;;10;;3.322.577 + 3.324.674
8909080510;8909080510;PNX KIT BORNA DOBLE 16 MM2 MONOFASICO V.E. ESQUEMA 2 1655089;aparamenta;propia;;Saltoki Alcobendas;ud;;100;;3.322.577
2804000757;2804000757;PACK 10 BOLSAS DE BASURA 85X105 GALGA 150 BBR042;fijaciones;propia;;Saltoki Alcobendas;pack;10 bolsas;1;;3.322.577
7270021010;7270021010;KOMMDATA ML CABLE CAT6 F/UTP LSZH CPR DCA C.305 VIOLETA;cables;propia;;Saltoki Alcobendas;m;;305;;3.322.577
6201000032;6201000032;TUBO PVC M-32 GRIS ENCHUFABLE RIGIDO;tubos;propia;;Saltoki Alcobendas;m;;360;;3.322.832
7270020010;7270020010;KOMMDATA ML CABLE CAT6 U/UTP LSZH CPR DCA C.305 VIOLETA;cables;propia;;Saltoki Alcobendas;m;;915;;3.322.832
6200020032;6200020032;TUBO CORRUGADO LHA M-32 320 NW GRIS;tubos;propia;;Saltoki Alcobendas;m;;200;;3.322.832
9900101045;9900101045;CINTA AISLANTE PRY 20M X 19MM NEGRA (pack Saltoki de 20);fijaciones;propia;;Saltoki Alcobendas;ud;;20;;3.322.832
6040610306;6040610306;CABLE LHA RZ1-K(AS) 3G6MM 0,6-1KV (ROLLO);cables;propia;;Saltoki Alcobendas;m;;200;;3.322.865
6222110056;6222110056;HAG TAPA FINAL ATEHA 30X12MM BLN ATA12306XXXX TEH;tubos;propia;;Saltoki Alcobendas;ud;;10;;3.322.865 + 3.324.674
6222110055;6222110055;HAG ANGULO PLANO ATEHA 30X12MM BLN ATA12305XXXX TEH;tubos;propia;;Saltoki Alcobendas;ud;;10;;3.322.865
6222110053;6222110053;HAG ANGULO EXTERIOR ATEHA 30X12MM BLN ATA12303XXXX TEH;tubos;propia;;Saltoki Alcobendas;ud;;10;;3.322.865 + 3.324.674
8900590300;8900590300;V2C PUNTO CARGA TRYDAN 7,4KW CABLE T2 5M + PROT (ESMOVE);cargadores;custodia;Esmove;Saltoki Alcobendas;ud;;15;;3.327.786
8900500025;8900500025;V2C PUNTO CARGA TRYDAN 22KW CABLE T2 5M;cargadores;custodia;Esmove;Saltoki Alcobendas;ud;;2;;3.327.786
8900500015;8900500015;V2C PUNTO CARGA TRYDAN 7,4KW CABLE T2 5M + PROT + SCHUKO;cargadores;custodia;Esmove;Saltoki Alcobendas;ud;;2;;3.327.786
8900500101;8900500101;V2C MEDIDOR BIDIRECCIONAL MONOFASICO + 1 PINZA 120A;aparamenta;custodia;Esmove;Saltoki Alcobendas;ud;;6;;3.327.786
